Username,Comment
@AdjaiSookhlall-rg6du,Madrid need kroos bhai
@ajaypratapmishra8754,Flicki flacka ğŸ˜‚
@futureframe1985,iam still watching to laugh after 8 days lol
@basheeruddin4711,Its reported that flick programs a whole day session of offsides only per week
@dailyarchives1903,"where to watch full game highlights?
can anyone tell me????"
@mdatausif_06,Flicky flacka ğŸ˜‚ğŸ˜‚ğŸ˜‚ğŸ˜‚ğŸ˜‚
@dinkarthakare7612,Best and simplest analysis.
@mdkawsarraihan5495,Sunkar accha laga...as a barca fanğŸ¥²
@à¦®à§à¦¸à¦¾à¦«à¦¿à¦°-à¦¡à§§à¦˜,Why did you delete this video from Facebook?
@stabgoblin,Ye joker kab chup hoga
@Jordannn_nope,"Flick ne team ka to pata nhi, har barca fan ka khada kar diya."
@Pujan_FFA,Top analysis ngl
@monojeet09,What an analysis brother.
@SLIMSHADY-be4ex,Expectro jinxem
@AbcXyz-lk6sh,"Bro i used to think u are troll, but damn, what an analysis. Please do reviews on English"
@force9714,phatawa pajamay ka naraağŸ¤£ğŸ¤£ğŸ¤£
@Enchantedquillx2,Naya naya jinx sikha hai lagta bohot logo ne
@saifu7782,Jo bhi ab jinx wale comment karega unko hijade uthake le jao
@vaibhavshekhar8173,"Hansi Flick knew they were faster but not smarter. 

Even casuals think a fast player is a WORLD CLASS player but now Mbappe is getting exposed"
@thunjurizko6326,Filiki falakağŸ˜‚ğŸ˜‚ğŸ˜‚ğŸ˜‚
@Shubham-t8u,Tab toh bol raha thaa haryega
@vladimirputin7161,Abbe ye chilla ta kyu hai itnağŸ™ƒ
@Devilwillkill,Panauti bkl
@nagjidesai7363,11:15 the frustration ğŸ˜‚ğŸ˜‚
@nagjidesai7363,0:58 flicki flackağŸ˜‚ğŸ˜‚ğŸ¤£ğŸ¤£
@troystteiner3689,we got flicki flacka before GTA 6 ğŸ’€
@sparrowgaming2811,Watching the video with only 1% charge ğŸ˜‚
@ShivangKadiya,"Where to rewatch this game ? Anyone please 
Thank you"
@amitshah42,Flick faka ğŸ˜‚
@themostlyvlogs4465,Can anyone tell me where I can re-watch the whole match? In phone
@vaishnavgovekar3468,ğŸ§¿
@msumonrana9670,"â€œPlaying football is very simple, but playing simple football is the hardest thing there is.â€ ğŸ—£ï¸ Johan Cruyff"
@diptanudebnath8555,BKL phirse aa gya jinx karneğŸ¤¬ğŸ¤¬
@anikbiswas1681,Lewa 2 miss agar nhin karta toh 6 -0 hota
@gauravkumarchaudhary3266,flicki-flacka
@abhishekthaware5321,"jokes aside , YJR ball knowledge is superb!!!!!"
@tysonnoruto,Flick regular visiting barc junior member league to get new plyers for barcelona
@abhijeet4903,Really felt kroos absence in real Madrid ğŸ˜¢
@abhijeet4903,Fliki FlakağŸ’€
@ArijitDas-bl1lx,Good content after a long time !!
@C.G.007,Full game highlights keise dekhe ??
@futureframe1985,Mabappe offside in sweden and vini offaide for ballondor
@iphobee1891,"Hala Madrid âŒ
Gela Madrid âœ…"
@rahibasadd2809,Toh tu coach karle Real ko . Bskhika
@ShishumoniSaren,Fliki FalkağŸ˜‚ğŸ˜‚ğŸ˜‚ğŸ˜‚
@pavitrapaul5428,Bhai tu aise hi content nikala kar regularly. PL games ka bhi breakdown kar. Just abhi dack bhi hua Ten Hag. Usspe bhi kuch daal... He had the second highest win percebtage at Man Utd post Sir Alex...
@deadeyegamer3020,"Bro really break down the Barca tactics really well, but his comments section is filled with people who only watch highlights and memes"
@Edenhazard1417,Maan le phel gye hoo reason Dene ki koi jarurat nahi hai ğŸ˜‚ğŸ˜‚ğŸ˜‚
@Saugat-B,Flickii Flackaa... what a term. Haha.
@Cristiano123-r8k,Real madrid will beat Barcelona ğŸ˜‚
@Khuzamovic,"""Gorey jawan spanish chotey larkey MUI MUI sey"" ğŸ˜‚ğŸ˜‚ğŸ˜‚ğŸ˜‚ğŸ˜‚ğŸ˜‚ğŸ˜‚ğŸ˜‚ğŸ˜‚ğŸ˜‚"
@DebmalyaGhatak,"Haaland 15 offside entire premier league 
MbappÃ© 8 in one gams ğŸ—¿ğŸ’€â˜ ï¸..11 total offside of real madrid ...ğŸ˜‚ğŸ¤£
11-1 (offside) ğŸ˜‚"
@mainaksarkar7704,Bro watched mbappe 16times offside
@DebmalyaGhatak,Flick ne carlo ki dhatichya ura di ğŸ˜‚ğŸ˜‚ğŸ˜‚
@chandravikramsingh633,My man called 33 year old inigo martinez - balak
@yuddhveersingh392,final me 3 goal isliye gye coz bkc 2 penalty the. Stop gassing him L signing.
@TageKojing,Who are you??ğŸ™„
@gopa_shortsandvideos,"With brain ğŸ§  u can stop any team any bbc any power right,that's messi always do in field ,,messi have brain + the  simple the basic inside out and la Pausa,ultimate close control,,and this ghatia mappe have only pace  with time it's blown away ,mbapoe have no brain also,,vini is miles ahead than mbappe,,"
@ameenurrahmankhan6933,ğŸ˜‚ğŸ˜‚ğŸ˜‚ğŸ˜‚ğŸ˜‚flicky flakha
@robertoppenheimer2116,Who is going to win Ballon d'or?
@spinabbus7059,Chotu its just a game against a small team. No need to over reactğŸ˜…
@jasonzx1858,And bro was confidently saying that Jude will score ğŸ˜‚
@yasirhussainkhan6518,flicki-flakağŸ¤£ğŸ¤£ğŸ¤£
@adityadhangade6559,Where do you get to see full matches again ?
@Right_Nows,Tatti ğŸ’© tu joh aabhi vi ro raha hajn ğŸ˜‚
@bheemeshy1805,A pure tactical breakdown. Nice
@ahmadmalik1906,0:59 flicky flaka ğŸ˜‚ğŸ˜‚ğŸ˜‚
@DeepakBohare-pr4wy,Bhai ruko jara sabar karo real madrid 8 goals bhi khayegi ğŸ˜‚
@DeepakBohare-pr4wy,à¤¨à¤—à¤¦ ğŸ˜‚
@fg-qp4in,Kaha pe dekha full highlights bruh.......?
@akashsaha739,"Barcelona pe video bana na band karde bharve, please ğŸ˜­"
@Sandeep-yf2wq,Yjr viewsâŒ  Barcelona ke bahane viewsâœ…
@Zakir_Hus,Started watching you because of these analysis type videos. More of these please
@howwasthat3505,Best analysis
@ASHISHofficial777,Yamal top class goal ğŸ”¥ğŸ”¥ğŸ”¥ğŸ”¥ğŸ”¥ğŸ”¥ğŸ”¥ğŸ”¥ğŸ”¥ğŸ”¥ğŸ”¥
@divyanshjain5173,Bhai bhaut hai jinx jinx kuch or bhi comment karlo ğŸ™
@arunabhanath5125,"Bro making 2nd video on Barca v Real, this humiliation is very tough to digest for these chutiyas"
@anuzmaharjan7236,No one talking women's saff championship ğŸ†
@SIA-mj9ry,JokerğŸ¤¡ğŸ˜‚
@yavuzcayir4227,Speak English nigesh I donâ€™t understand
@ALexAngom20,0:58 Flicki-Flaka
@omkargogawale9369,Bc me football dekhtaa bhi nhi .. but ye video dekh ke maza ayağŸ˜‚
@abinashdash5787,How to saw the full match again ?
@lonerecords_,Most satisfying videoâ€¦â€¦â€¦.
@MantickKonyak-dd9uo,No matter what ill always support hala Madrid
@sames499,"Yash Bhai for me barca win the match before the game even started. Even if Madrid win it doesnot bother barca. Before the match everyone tells you how to stop barca form scoring the goal as in every match they score 4+ goals so how we stop them. Carlo also tells that you will see my plan of beating barca, you guys are playing home and still you are afraid and make a plan how to stop barca rather than how we score and what is our strength. They have to adopt to stop us rather that real has to adopt to stop them. In xavi era there was always a talk about how we stop vinicius and bla bla bla ... That's why they lost  now real are doing same as they afraid of barca. Barca won match before it was started."
@jiaulrahaman7283,sasta salman khanğŸ˜‚
@quadro1337,Lewa showed mercy to madritistas
@pesisawesome5864,Bro vini not vining balondor why ??
@dhruvpal1108,Rodriiiiii
@Azharali-of5oi,Do not blame mbappe for being offside the defence is tricky here
@subhranil5333,
@joshuabk9847,"anyone hear, that chote moyi moyiğŸ˜‚"
@deepbera9001,Anti jinxğŸ§¿
@cyan3047,Dream Match of the season : Pep's MAN CITY vs Flick's BARCELONA ğŸ¥¶ğŸ¥µğŸ’¥
@rokeshmaharjan3791,That's why vini did not win balon dor.
@782_md.mojammelhossain7,"Here he came Again 
Doing as his usual jinxing barca"
@arjeetgourav3364,Mbappe will be flopped this season.
@jerrypoops71,"yash saying mbappe got an hat-trick in WC22 final. (but two of them was penalty for handball.) What are you expecting from him? When PSG was 1 goal behind from a win or making a at least draw, he couldnâ€™t even save PSG for a single time when he still got 10 to 15 minutes."
@adi_10_7,6:36ğŸ˜‚ğŸ˜‚
@subhadeepganguly9411,"Whatever people's opinions, none can deny that this guy knows the games. Not your average joe."
@DjangoChainedinCandyland,Vini Jr will not win balon d or
@selwynbtw,bro still tryna jinx ğŸ˜‚
@Atrayooo,"Akash chopra of football, yash bhai is back and mbappe abhi bhi offside hain ğŸ¥°â¤ï¸"
@shikhardahal1568,Tiki Taka âŒ Flicky Flaka âœ…
@spandanbhattacharyya2286,I've  1 question. When will Barcelona get tired? Because this system is very demanding
@Ghost_4,"VINI NHI JEET RHA BALLON Dâ€™or 

I N J E C T"
@putinbhaijaan135,"As if you play on the ground very well....
Talking and Practicality is different thing my dear bache....
You can't even a kick a ball and judging world class players ğŸ˜‚ğŸ˜‚
It includes Divyansh ,mohak bhai as well ğŸ˜‚ğŸ˜‚"
@rohanshrestha714,"Bro please review the match of India va nepal SAFF womens championship 
I promise it was more dramatic then this el clasico"
@mks4251,Anti jinx button ğŸ”˜
@ryankelly2624,FLICKI-FLAKA
@sobikmangrati,Carlo ne Kya kaha flick ko
@gameknocks2913,Toni Kroos ğŸ’”ğŸ’”ğŸ’”ğŸ’”ğŸ’”
@ryankelly2624,Tere hi intezaar mein the Yash bhai
@adityasanga8585,Mat kr bhai barca ki tarif
@NoobieAbhinav,I appreciate your willingness to watch the game once again for analysis. I wouldn't even be ready to watch the highlights of it lmao.
@amlanchinya1370,Main reason ki to baat hi nahi kiya?? Tera PredictionğŸ˜‚
@night8crawler,Madrid need a brain and game controller like kroos Ancelotti not a much of tactical feels like kroos was the secret manager by whole time
@shahanwakil2607,Upload analysis video more often
@DiwasBishwakarma,How to watch rematch full game?
@mdakhtarkhan4737,This much planning!!. Bro Flick might not have thought even these much ğŸ˜›ğŸ˜
@nightz_9gamerz160,"ğŸ•¯
ğŸ•¯                                                             ğŸ•¯                                           
                    ğŸ•¯       exorcism               ğŸ•¯
                                    ğŸ•¯   

for unjinxing against barÃ§a
the exorcism of YJR's jinxing"
@the1650guy,Bro is milking barcelona for content and views like crazy
@Antor_03,1:40 mui mui se ğŸ˜‚ğŸ˜‚
@swarajgupta8646,"Flicky flacka??
Worst name ever heard"
@swarajgupta8646,"Flicky flacka??
Worst name ever heard"
@swarajgupta8646,"Flicky flacka??
Worst name ever heard"
@swarajgupta8646,"Flicky flacka??
Worst name ever heard"
@laviyadav9195,bas kar bhai yash ab kya agale el classico tk vdo bnayega iss baare mai
@spectre1859,Anti jinx comment
@rsen507,0:16 Mbappe predicting how Rapha is about to chip his goalie ğŸ˜‚
@swL1941,Mbappe is not the same Mbappe after the WC
@sifatshamed9578,Vhai japan ka world cup match dekhlo.
@santoshgyawali1188,Bro think he is more tactical than Don Anciloti
@kapilmeshram7447,"Really at this point we as Madrid fanbase are not interested in entertaining the critics and being a cry baby about what happened.
What we really hope for is a redemption arc back to the top...
Because we're Madrid and that's what we do the best..."
@MuhammadAmir-gb9gp,Madrid came with a master plan and that was a GHANTA PLAN ğŸ˜‚
@for-the-growth,flicky fucka  0:56
@sadiquehassan6,Bro watched the game twice and saw Mbappe offside 16 times :D
@Suprithunder,Aur! Kholke rakha tha pant??
@raktimmazumdar5794,So we can do one thing. Play 4-3-3 with Jude in the attack and Camavinga in mid.. They know how to press well.. When opponent has the ball Jude and Cama can press their defenders and mid fielders. Any thoughts ?
@sahang33,Tune kabhi football khela hai?ğŸ¤§ğŸ˜‚ğŸ˜‚
@SureshBudhathoki-g9x,ğŸ˜‚ğŸ˜‚ğŸ˜‚ğŸ˜‚jali
@tushkii628,Bhai abhi bhi trauma mai hai ğŸ˜‚
@fcb_Naskar_10,"Never score first against real Madrid
Le badshah: kuchh logo ka comeback nahi ho Raha...ğŸ˜‚ğŸ˜‚ğŸ˜‚"
@NeYoo69,1:15 flicky faka nhi Flicky FuckerğŸ¤£ğŸ¤£â˜ºï¸
@gerembrahma,BBC defender ko Mui mui Defender Ne Moye Moye KrdiyeğŸ˜‚
@godtushar6954,Ten hag sacked . End of an era .ğŸ˜¢â¤
@footballshorts4436,"Bhai replay kaha pr dekha 
Jara hame bhi bata do"
@Lucky-ui3zs,Cu cu cubarasiğŸ˜‚ğŸ˜‚ğŸ˜‚ğŸ˜‚
@whatsinthename7036,"Guys Jinx winx to thik hai 
But ye maanna padega ki Yash has very deep knowledge of football..He is literally one of the top current football nerds in India ğŸ‘ğŸ‘"
@doribaljr,Flicki FlackağŸ˜‚ğŸ˜‚ğŸ˜‚
@simranjit6226,"You can only beat a tactic with a better tactics, so basically we need a better tactics coach"
@ashabrakin,Flicki Flaka!nice
@sidharthadash,Bro chose double disappointment
@starboy10z,This guy says a lot without giving saying anything. Become apple employee or politician
@bijenchaudhary134,Barca cracked the code for winning the laliga this season
@mortuzasowrove9320,Bro is at height of frustration
@beastgaming6528,9:40 factsssss
@Aniii_23,Bro is traumatised
@Manubsp123,The only thing which is seen from space rather than The Great Wall Of China is MBAPPE BEING OFFSIDEğŸ˜‚
@deploy_leroy,MbappÃ© highlights me bhi offside hai ğŸ˜”
@devanshutomar8889,Simple thing Is club needs to change manager as soon as possible â¤
@rutwikpradhan2385,Anti-jinx button ğŸ§¿ğŸ§¿ğŸ§¿
@SWAN....177,Yash ki Tel Chatai nikal chuki hai mere dosto
@anirban6871,Bro forgot about FDJ ğŸ¦
@Sam_IIT_KGP,"10:05  at that time, I really made a conclusion that Yash gave deep throat to mbappe.."
@lucidboy9436,Thqs
@sportscricket5073,Anti jinx button ğŸ§¿ğŸ§¿ğŸ§¿ğŸ§¿ğŸ§¿ğŸ§¿ğŸ§¿ğŸ§¿ğŸ§¿ğŸ§¿ğŸ§¿ğŸª¬ğŸª¬ğŸª¬ğŸª¬ğŸª¬ğŸª¬ğŸª¬ğŸª¬ğŸª¬ğŸª¬
@shreyam.r,its okay bhai tu to serious ho gya
@Ashu-qp4up,0:08 Bhai I also loved Mbappe's performance in world cup. But usko 2 penalties lagi in the final to score a hattrick. 1 pen and 2 non pen goals maarta to mein hattrick ko accha maanta. But Mbappe's 2 pen hattrick ko log overhype kar rhe h.
@Viral-dv4sbl,Chup kar
@satikantabanerjee7844,I watched cubarsi trapping mbappe offside intentionally when the first time mbapoe scored
@sagarranjan4585,"The last time Mbappe had only 8 goals at club level by the end of October, was in 2017."
@veddeokar5258,Manchester derby a bigger game bro
@neytime69,"We still believe on ancelotti......he will definitely came up with a solution for it,ğŸ™."
@Kanbajbvuavghaig,Bhai ye full match konsi site se dekha isne?
@hassanmahmud4788,Real Madrid fans crying ğŸ˜­ğŸ˜‚
@sshady_fps1357,What is fliki flaka ğŸ˜­ğŸ˜­
@mark12-b1d,Galactico 4 - 0 ğŸ˜‚ğŸ˜‚ğŸ˜‚
@subashchettri260,Sorry....its not 8 times....bro its 12 times offside..ğŸ˜‚ğŸ˜‚And wt about your previous preview video (barca vs Bayern )  lolğŸ˜‚ğŸ˜‚ğŸ˜€...Plz...delete it...
@NXDProductions,Jokes aside but Yash is one of the few Indian Football youtubers with such a deep understanding of the game l!
@miscellaneouselectron,Nice try diddy
@tojir66,No one talk about arsenal and liverpool
@captaindelta43,"Revenge time is here ğŸ˜‚
What a week for barca"
@nikhilraj9174,"La liga is considered less direct and slow as compared to Premier league, but just compare Barca vs Madrid and Liverpool vs Arsenal. Flick has brought the German way to la liga."
@ababsiddiq304,Phata hua pajama ka nada   xD
@shibaichatterjee8101,"Anti jinx button ğŸ€
Touch wood button ğŸªµ"
@mahirrahman581,Cry more bkl
@arxnv_,Mbappe ko left back bana do
@i_fell_for_ballkicker5056,ğŸ§¿ğŸ§¿ğŸ§¿
@itsrexgod7208,Flicky flackağŸ˜‚ğŸ˜‚
@pseudomorphine5736,Anti Jinx button pressed
@soumnag7388,Great analysis Yash though some stats were inaccurate
@LuckySingh-jd5hz,6:38 & 7:22 even as a Madridista I couldn't hold my laugh ğŸ¤£ğŸ¤£ğŸ¤£
@stdynlg1805,bhai video banade ki Madrid kya kr skti hai ye sab theek krne k liye
@anasmirza-,Bro trying hard to jinx barcelona ğŸ˜­
@FaheemShah-cq6de,Bhot bolta ha tu yjr
@Arjun-w4n,"Jhon cryuff once said
No bag of money can score a goal ğŸ˜‚ğŸ˜‚
Ronaldinho ğŸª„
MessiğŸğŸ‘½
Yamalâœ¨
Proved his statement 
To every galactico there was Ronaldinho there was messi and now its lamine yamalâœ¨
Messi and Ronaldinho made Bernabeu cried everytime and mow it's lamines turnğŸ”¥â˜ ï¸âœ¨"
@LuckySingh-jd5hz,"6:14 absolutely correct bro. Ye bsdka Mendy jab box me cross dalna ho to vini ko pass karega, kross ko camavinga ko back pass marega"
@imro4516,Phirse bhai maaf krde humko plz maat kar ğŸ˜­ğŸ™ğŸ»ğŸ§¿
@itsyourritam,Bro watched twice and waited for a comeback ğŸ˜‚ğŸ˜‚ğŸ˜‚
@stdynlg1805,Bhai Yash to Madrid Barca se Inspiration nhi le sakte kya
@hritiksingh9873,"Bro really said ""Flicki Flacka"""
@GLOBALGAMING10,Flicki flaka ball ğŸ˜‚
@bratinlo,Bro getting views more than his subscribers...so why he had to make another one for views ğŸ˜…ğŸ˜…
@earthmos22,Bro is still recovering ğŸ˜¢
@charsalan47,"""flicky flacka"""
@Mr.kesyoh,Tu toh real madrid kah fan hai kiu tariff karraha hai barca ka ğŸ˜‚ğŸ˜‚ğŸ¤£
@versuspoint483,Yeh umar akmal ka bot sabko reply de rha haiğŸ˜‚
@newthings2157,Anti jinx button guys.......
@SubhanGrg-m2s,Flicki flaka ğŸ˜‚
@amdpc8491,Lesss gooo
@NurAlam-b2g,Real madrid ka maa chod diya
@musajagrala,Today is Monday m.bappe still offside
@krishnanshuvirang10,Leave mbappe but where is ballon d'or winner vini what a rainbowğŸ˜‚ğŸ’€
@naimbasha302,how to watch the game again ?
@Nowa_59,ğŸ§¿
@cricketkedewane8362,"Kyu nhi ho rha comeback ğŸ˜‚ğŸ˜‚
Santiago pr toh comeback kings thy na bhai tum ğŸ˜‚"
@TheStephenShelby,ğŸš¨ BREAKING: According to reports Kylian Mbappe is still OFFSIDE âœ…
@indrajitdutta1677,Bring zidane back ğŸ”™
@cricketkedewane8362,Gavi's gesture to cry baby was the best moment ğŸ˜‚ğŸ˜‚
@sunilrahul6208,And that is flickball for you yashğŸ˜‰
@vishesh2411,Flicky FlackağŸ—¿
@Pappupahadi69,permanent this tere naam hairstyle
@iftekharparvez130,Phata hua pajame ja nadağŸ¤£
@cricketkedewane8362,Lewa bhai 2 open goal aur maar diye hote toh 6-0 ho jata yr ğŸ˜¢ğŸ˜‚ğŸ˜‚ğŸ˜‚ğŸ˜¢
@cricketkedewane8362,No penalty no party ğŸ˜¢ğŸ˜¢ğŸ˜¢ğŸ˜¢ğŸ˜¢
@shaheerkhan2514,"Flicki - Flacka
- YJR, 2024"
@mayankkumartiwari2052,"Bhai ek baat btaye, agr Mbappe real me hug bhi dega ground pe tb bhi tm logo ko wo phool hi lgega, Mbappe ko blame thode kr skte hn bhai, sidhi si baat h hme jarurat nhi thi uski, uske bina system accha tha bt ab jhelo bhai"
@MahesOedai-t4p,Bro come's with ficky flaka ğŸ˜…ğŸ˜‚ğŸ¤£
@ShahabuddinShihab10,"Bro is not gonna made a single video about Real Madrid anymore ğŸ˜…
Views Views Views"
@fahimmurshed3323,Barcelona will pay for this!
@kehndihundisi9965,Today is Monday nd Mpaypal is still offside ğŸ˜¹ğŸ˜¹
@utkrishtsneh8298,Bro is still traumatised
@bdgshsb,Flicky Flaka
@SanuKarki-t7j,ğŸ˜‚ğŸ˜‚ğŸ˜‚
@mapleleeph,Bhai kitna hii jinx kr legağŸ˜­ğŸ˜­
@kushallamsal2540,best website to watch full matches again??
@aaruksh-t1i,imagine when araujo will come back
@yusuf_mondal-28,Tu banja fir coach Madrid k
@abhishekrai500,God please make hansi flick Vs pep guardiola in the champions league
@caamitsingh7210,"C'mon as real madrid fans we are getting overreacted too much because we are spoiled by so many trophies and other achievements, just support the team and we won 4 Clasico back to back so what's the big deal if Barca won , it's not like they dominated us , we conceded casual goals and we didn't bury our easy chances that's why we lost this Clasico"
@arghajit6306,ğŸ§¿ğŸ§¿ğŸ§¿ğŸ§¿ğŸ§¿
@eushaakif1310,Mbappe scored total 4 goals in world cup and done hat trick on penalty I mean 3 of them were penalties ğŸ˜‚
@pvr5,Salute to your effort ğŸ‘
@Mr.risky404,Bro jinx is not working ğŸ˜‚ğŸ˜‚
@beatsbynoori2719,wc hatrick with 2 pens ..
@sridevuk,6:35 My opponent's college team vs my college team
@hamidurrahman8210,"Ninja TurtleğŸ¢ âŒï¸
Offside Turtle âœ…ï¸"
@dhyanjyotikashyap6955,FLICKI FLAKA ğŸ˜‚ğŸ˜‚ğŸ˜‚ğŸ˜‚ğŸ˜‚
@VDR2612,BBC CB RÃœDBOY ğŸ˜‚
@jiveshkhandelwal9100,Does anyone know where i can watch the full length match on repeat?
@ACE-dt2hp,Using jinx spell to counter anti jinxersbğŸ¤šğŸ»ğŸ¤šğŸ»ğŸ¤šğŸ»ğŸ¤šğŸ»
@Gbrowx,"I love to see Vardrid fanboys cry. They were making too much noise before the match. When they signed Mbappe, they said that they would demolish Barcelona ğŸ¤£ but instead got schooled by the La Masia kids ğŸ˜‚"
@Wahkyascene,Bro where do you go and watch full length old games?
@Suyash__Sharma,Chalo accha laga yahan tak ka safar.
@anonymous69u503,U brother of rachitro or smthing
@HellBoy-c7n,"""NAGAD 8 Baari OFFSIDE"" 
Damn ! That Was Personal ğŸ˜"
@MaheshBabu-vl3eo,Mpal has more offsides than goals this season ğŸ˜­ğŸ˜­ğŸ˜­
@sabeencarkey1491,Bhai tumne thumbnail kyu change kiyaa
@vijayy_4f_22,"I want to watch it again, where should I go ?"
@vijayy_4f_22,Where can I rewatch this game !?
@VALOUR12432,Yappadrid ka fan ass aurora the yapperğŸ˜‚ğŸ˜‚ğŸ˜‚
@_Harami_Manus,A well tactically analyzed video by yash after many centuries and totally loved it
@AbhayChamoli,Now 2 jinx videos for 1 match of barca
@Danny10301,Mbappe is still offside
@sandesh111-j3g,Rm play 4-3-1-2
@oceanlaishram9021,Chudoo aise ki do do video nikalna parr jaye
@sumitdahiya8249,"Hansi flick did the same when he was in bayern. Highly back line, offside traps and shit loads of goals. @yash do you agree?"
@Saaaaaady,Where can I rewatch football full match? Does anyone know??
@DeependraRasal,If Ancelloti not goes with last years formation with Bellingham at false 9 then we may not survive this season... Drastic change in winning formation cost us very badly...
@amanlunghunaga,still he is offside
@Invictus0111,Dil pe pathar rakh k Dena aapne.  ğŸ˜‚ğŸ˜‚ğŸ˜‚
@suhaibkhan3806,Anti jinx wla bnda kidhr h. Jldi aao be. Yeh khaa jyega warna team ko
@Anik_.,7:58 : exactly how Busquets became the greatest Dmf
@huzaifahumar9214,"Real has always relied on Individuals, they have no philosophy. When they face a smart and organised team they always get exposed."
@jameslimbu7313,Vaag chenchudd tera v meme hogyaa hy...
@alphaarsenic8323,Such a great tactical breakdown and most of the comments are talking about jinx. L comment section
@sonic-yr5lh,"No penalty ar por vafor del real Madrid ğŸ˜‘...endrick and arda ko chance dena chahiye tha bache..., bache se khelte.... maza ata.."
@devil_edits277,Bro your hairstyle ğŸ˜‚ğŸ˜‚ğŸ˜‚ 0:58
@reyajulmistry9930,Bhai sadme m tha isliye review itna late aya ğŸ˜‚
@RohitSharma-n7h,It is monday and ğŸ¢ is still offside ğŸ¤¦
@Shisho1109,anti jinx button ....pls bhagwan
@sankalpsingh5619,Penbappe scored two penalties in the most overrated hatrick of all time in wc final after ghosting for 80 mins straight ğŸ˜…ğŸ˜‚
@shumelahmed3889,1:01 Flicki Faka ğŸ˜…
@OsamabinShah-b5p,If Barcelona win against Madrid then  Hala Madrid fan said fifa need to change rule of offside ğŸ˜‚ğŸ˜‚ğŸ˜‚ğŸ˜‚ bro if Barca attack 11 player then you said fifa need to change rule ğŸ˜‚ğŸ˜‚ğŸ˜‚
@abhishektyagi705,From jinxing to milking ğŸ˜¢
@anirudh_100,Madrid's defence has been terrible this season.
@vivekkhalate3296,Ye Mbappe onside kyu nahi aa rahağŸ˜…ğŸ’€
@harsh00721,FLICKI FLAKA
@anujdhawak,Imagine closing the roof of the stadium just to get cooked insideğŸ˜‚
@Prasanta_kalita10,Reports saying that Mbappe is Still offsideğŸ˜¢
@youareeverything1533,Football Football bhot bada Football knowledge hai gandhu
@AnimeshKumar-lx9pn,I think the oversized Adidas kit of Real madrid is making mbappe more incofident he's always been playing with nike tight jersey which gives him proper shape and confidence. I know many will lough but this can a reason of many cause i feel free playing in tight jersey and face problem playing with oversize.
@sandipmajhi1399,1:36 BBC Center Back ğŸ˜‚
@Prasanta_kalita10,"Oh Hein to woh batche he. To doston aaj Madrid, Mbappe  vIni barca o khol degi. Ham ye match jeet rahe hein Doston. Ganduwala in preview ğŸ¤£"
@obito6624,Flicki flaka was a nice oneğŸ˜‚ğŸ˜‚
@OsamabinShah-b5p,If Barcelona win against Madrid then  Hala Madrid fan said fifa need to change rule of offside ğŸ˜‚ğŸ˜‚ğŸ˜‚ğŸ˜‚ bro if Barca attack 11 player then you said fifa need to change rule ğŸ˜‚ğŸ˜‚ğŸ˜‚
@youareeverything1533,Badwaa bas kar rey
@rajveerarora5501,Bhagwaan iski nazar lagne se bachana.ğŸ§¿ğŸ§¿
@8yeasrsback,12 offside
@sarangjain3304,"Haaland does exactly what you said mbappe canâ€™t do. Haaland drops 10 times and makes than run again 10 times. Man was offside just 8 times in entire last year and yaha mbappe ek match mein 8 baar. 
Making those run is basic quality for a top striker especially when you have that mad pace. 
Mbappe was horrible."
@ShubhamKumar-vh7ti,"Absolutely brilliant analysis mate , really enjoyed the video ğŸ˜Š"
@Gkontry,"Mbappe world cup hat-trick is too overrated 

One good goal



And two penalties only


In rest time he was clueless on the pitch"
@yashrane1023,9:17 ğŸ‘ŒğŸ¼
@azadkhan2140,New football tactics has come.  It's  Flicky Flackaâš”ï¸ğŸ¤£
@prateekkamble3803,"Flicki flaka ğŸ˜‚ğŸ˜‚ğŸ˜‚ğŸ˜‚
New game play is introduced in Football âš½ï¸ today"
@pratikvarade3263,Apna Skin care routine bata bhai kya use krta hai?? Ya phir bas assuon ğŸ¥²ka kamal hai
@Chhetrysushil,Finally mbappe ne apna idol ronaldo ka offside record toh tod diya ğŸ˜¢ğŸ˜¢it was morata and ronaldo in laliga and now it is mbappe ğŸğŸğŸ˜ğŸ˜
@itsollgoodman,"""Aisa kya"""
@NirdeshChaudhary-sc1rx,Jinx
@Calma_Baby,Bhai man city only team in the world unbeaten until now without kdb and rodri make video on mancity focus on the best league Epl not laliga bro
@Suvo20000,Anti jinx button-------------->
@DoctorArc-s3g,"Carlo ki tactics me 
Bellingham ko bas majduri kara rahe hay 
Itna pyara player aur usko bas bhaga raha hay carlo"
@sribashsarkar4382,Anti Jinx button ------------------------>
@Zerato_81,"Kya audience hai teri bhai...JINX ki bakloli har comment pe..
bakchdi chorr ke video dekhlo kabhi...full match ka analysis kiya inn galeech audience k liye ,ğŸ¤¯"
@titanxtz1020,rewatch kaha kiya mujhe bhi btana pls
@eFootballlazy,"If you remember this type of tactic was used by Ancelotti in UCL final of 2005, AC Milan vs Liverpool"
@bhuwansapkota0000,00:58 filky flaka
@TheGauravkumarrathore,Bro has started losing hair analysing Mbappe & Madrid's gameplays ğŸ˜­ğŸ˜­ğŸ˜‚
@RanabirDan,""" Chhote mui mui se balak""ğŸ’€"
@oldschoolBOY747,"Pep= Tika Tika
Flick= flick flicka
Xavi = Xai Xakka ğŸ¤£ ğŸ˜‚"
@rrudranarayanpatralucky3176,Anti jinx
@saswatsenapati7870,"10:40 kya baat kr Raha bcğŸ˜‚ğŸ˜‚ğŸ˜‚ğŸ˜‚ kuch bhi bak Raha. Replacing a attacking midfielder with a holding midfield is not tactical change??? Brooo basics Shi nhi hai tera.
And mbappe ki galti nhi hai kya bol Raha bhai tu analysis mat he kr. A elite world class player even though he is out of position should know how to place himself between two defenders. Scanning the pitch is a huge part for any striker or midfielder."
@DoctorArc-s3g,"It was midfield problem 
Sirf lambe lambe ball dalne se kuchh nahi hota 
Need someone like creator, controller who can throw ball at correct time"
@beupdateddd,Flicki Flacka â¤ğŸ˜‚
@priyamtripathi8038,"""Have you ever stopped to watch a bluebird drop from a tree, and take to the air? Me Neither. Have you ever stopped to finish out a rhyme but the right words just weren't there? Meat Cleaver""

-ğŸ˜ˆğŸ”¥"
@deeptangshu4334,Flicky Flaka
@so_ul1064,3:40 bro have 5 eyes for a second
@geet_k1831,Aur bhai pent ka zip nhi kholna abhiğŸ˜‚
@jumankaushik2185,My ears are so blessed ğŸ˜­ğŸ˜
@mritabihnga6331,Full game replay kaha dekhe bhai bata do
@janmejaysingh1742,Which season is it ? Festive season . Which festival is around ? Diwali . What happens during Diwali ? People burn crackers . Who gets scared and cries ? Dogs . Which dogs am i talking about ? Penaldogs . The season is long Madridiots .
@The_MAS-1,10 out 15 champions league win by offside now it's reverse ğŸ˜…
@shuvamsingh4014,YASH GOLDBRIDGE ERA incoming
@YugLohia,"Match ke phale jinx, match ke baad jinx, bas bhai bas"
@rohitgusainvlogs,Its Monday and Mbappe is still Offside
@playallgamer8684,Mbappe ko nikal do sab sahi ho jai ga
@sumitchaudhari10,Filcki -fakağŸ˜‚
@mathewstyles2112,What was the beef between carlo and flickğŸ˜‚
@amangupta5817,"While everyone is talking about stories, redemption, celebrations, offside turtle, I actually wanted this. A pure tactical breakdown."
@kevalparekh27,"2nd video on the same topic, Yash bhai maaf kardeğŸ™ğŸ»ğŸ˜­"
@ahmedtahsin8208,Mbappe is flop as a number 9. Joselu was far better.
@soumyajyotidas595,"If Yash told us vini is going to win bdor today, I believe rodri is going to win, ye ladka jinx nehi karta yeah khud illuminati in reverse hai"
@Dx_Era_31,Finally bakchodi video ko left karke bhai ne analysis video daali channel pe ğŸ¤¡ğŸ¤¡
@zzyuk814,"i think only Chelsea can eat this barca defense alive 
only their defence sucks"
@hiteshbhaisal3888,Anti jinx â¤ï¸
@deepaksattawan182,Anti jinx butten
@theverify7167,Legends say MbappÃ© is still offside!
@rajdeepsana9083,Anti jinx ğŸ•¯ğŸ•¯ğŸ•¯ğŸ•¯ğŸ•¯ğŸ•¯ğŸ•¯ğŸ•¯ğŸ•¯ğŸ•¯ğŸ•¯ğŸ•¯ğŸ•¯ğŸ•¯ğŸ•¯ğŸ•¯ğŸ•¯ğŸ•¯
@arghadeepkar1790,"I think this Barca will excel with De Jong strating, if you see the common string across both games Barca started scoring more and more only after Dejong came in and slowed the game down a bit. starting Casado and De Jong might be the move with pedri playing higher up the pitch"
@sauravkumardubey8349,Yash has gone crazy ğŸ¤£ğŸ¤£ğŸ¤£
@desiviking3755,Bhai log koi please batao ke full match highlights kaha dekhe.
@arjunrock5435,WTF mbappe is still offside ğŸ˜‚ğŸ˜‚ğŸ˜‚
@nehalshaikh1865,Anti jinx button
@tarunsoni9734,1:36 bbc center backs... broğŸ’€ğŸ¤£
@Footballwithkamy,Time for xabi Alonso ball
@shreyanshjain1373,3:42 gola
@ASH-zl8cb,Bro Speaking Facts ğŸ—£ï¸
@krishnakeshav3938,Wo sab chodo ye batao; puri game dekhi kaha!!!?? Koi bata dooo
@namansingla9444,Tactical jinx ki koshish
@RishabhSingh-ji4js,"Yy bro we finally know ""this Madrid is illegal"""
@Athaarvvv426,"Lockdown kids are going to make you God bro.....
Soon ğŸ˜‚"
@aniketroy03,Any Indian analysis of european football ğŸ¤¡
@syedshariqazeem,6:38 phta hua pjama ka narağŸ˜‚ğŸ˜‚ğŸ˜‚ğŸ˜‚.
@sayarsarkarmaths,"Can anyone tell me how to watch full match replay,"
@beunique5050,"Bruh it's okay mbappe is new member to our squad so he is still adjusting to playing 11. And I also know that mbappe played the worst game ever but it's what it's. So next time it will uno's dros, Tres hala Madrid...ğŸ¤"
@funnyvalentined4c620,the jnix man
@sakshamsharma78,ğŸ§¿ğŸ§¿ğŸ§¿
@deepaksattawan182,Anti jinx butten
@utsavsarkhel5812,Everyone trolls him but no one appreciates his ball knowledge.
@pritomtalukder8761,"bhai dont blame Mbappe ,blame yous midfield ."
@RouteRunners9809,BBC cb ğŸ’€
@kristopherdas8488,"Ho gya El Classico, haar gyi Madrid. Abhi uske alawa dosri teamo ka ya fir matcho ka bhi baat thoda kar le."
@bivhutibhusunmaiti1249,Madrid will win sixtupel
@sandid2470,flicki flacka got me choking on my food
@mandarbhale3154,Would've been totally a different game agar Vini n Mbappe chances finish karte
@PSahoo-i7f,Frankie and olmo really changed the second half â¤ğŸ’™
@kangtheconqueror2540,For how long will u defend mbappe ğŸ˜­ğŸ˜­ accept it he doesn't have the striker instincts that's why he was offside majority of times
@pankajbagchi-fu9id,Anti jinx circle ğŸ‰â­•
@jayasinghrathod8683,Top notch analysis bhai.
@Songlofi143-b6s,0:58 flika fakağŸ˜‚ğŸ˜‚
@tuhinmajumdar8718,Aur jinx kar vai
@kaze4328,Yaar tu Baal thik krke aağŸ˜­ğŸ˜­ğŸ˜­
@VAIBHAVSINGHMUSIC,"2:54 carlo ka yahi plan tha high line ke liye. Jab usne press conf me kaha tha "" youll see"" 
But Flick samajh gaya aur frenkie ko le aya second half me.
Game khatam ho gaya"
@mangalmeetei9882,Wapas se full match kese dekna h bhai
@21siam_24,Fliki-flaka ğŸ˜‚ğŸ˜‚ğŸ˜‚ 1:02
@TheGameRoomZone,Khanbahadur
@ucantsm,"""With brain you can stop any physique, any power."" ğŸ«¡"
@yarsports,"Everyone talks about Mbappe was offside 8/9 all his fault  but no one
talks about those late passes Mbappe vini is fastest winger in the world when they have space to run  and they create opportunity 
but the delay of the ball they get in an offside trap. If midfield or backline player  release the ball a bit early they can  easily catch the ball before defence"
@oatmilll,Anti jinx button ğŸ˜Š
@JSO-l9p,Flicky faka ğŸ˜‚
@absolutlm10,LAMINE
@petergomeskolkata,"Ab yeh game ka 1000 video banega by 100 youtubers.. .move on, get a life bro.."
@FarhanAli-tz5kg,"Man claimed Madrid gonna hold balls, and easily win against BarcağŸ˜‚ğŸ˜‚ Maybe in parallel universeğŸ˜‚"
@paritoshmishra9148,"Donâ€™t forget Mbappe and Vini Jnr faked injuries not to represent their national team, just to prepare for El Clasico ğŸ˜‚ğŸ˜‚ğŸ˜‚"
@nirajtanti8618,Where to watch rematch?
@lordinferno2719,"Bhai hogaya, aur jinx maat kar pls"
@kaling1319,No Penalty No Party ğŸ‰
@shreddedweeb21,Kitna Jinx krega BKL
@ng2577,Respect to your analysis. Ultimate kisine to game ko samjha warna har koi mbappe ki piche padhe he view kamane k liye.. ek or baat ancelotti har match me yehi tactics khilate he aj sirf Bellingham ko thoda or piche kar diya warna hamesa aisa hi khilata he. Vini ka speed bacha leti he madrid ko. ğŸ’™â¤ï¸
@nadimullahmeraj8911,Bro is trying hard to destroy our season
@abhishekchoubey6080,Mbappe is one of the fastest players .why couldnâ€™t he stayed a step back from  the offside line ??he cud easily get the ball with his speed
@mr_j9207,"Madrid should have signed a proper no 9 like Haaland, instead of Mbappe. And a proper midfielder to replace Kroos.

Now either Mbappe has to adapt, which looks unlikely,
else Vini might have to go to get the best out of Mbappe.

Sacking Don Carlo changes nothing.
Which Coach will get the best out of these set of players?"
@rahulagarwal3506,"despite all the jinxes, Yashâ€™s tactical understanding is too good"
@Elevate612,lewa BARCA side vini RM side mbappe ? ğŸ˜œ
@lohitdoley2392,Where to watch full game again?
@MadhurjyaDeka-jq5vu,Flicki Flaka I like that
@pendulumandraven9338,6-0-4 and we still dominated midfield like it was no-one's business
@shinchan1659,Vardrid ğŸ˜­ğŸ˜­ğŸ˜­ğŸ˜­ğŸ˜­
@abhishekpangeni6978,Rona Dhona chal raha hein.
@sumitlaha1301,Bhai please matt bol dena ki BarÃ§a UCL jitne wala hein!ğŸ˜¢
@Bilal-tk1lh,Flickball is the only ball jo Yash jinx king bhi jinx na krskağŸ™‹ğŸ½â€â™‚ï¸
@nature_editz,Double Anti-Jinx button ğŸ”˜ Like so we are not jinxed
@amirzeb4153,How to watch full game again ? . I want to watch
@omsankpal9216,"Itna stress mat le bhai, teri hairline piche khisak Rahi hai, season khatam hone tak ganja hojayega."
@suprashantkumar7331,Good to see you alive!
@kaling1319,Yash Muthiola
@us4575,blud still hasn't moved on ğŸ˜­ğŸ˜­
@SheikhAraaf,"Yash really thinks he can defend mbappe for being offside that many timesğŸ˜‚, and blame everything on Ancelotti....bhai Yash there's a thing called 'Scanning' or 'CHECKING YOUR SHOULDERS' and if you closely pay attention you will see Cubarsi & Martinez doing it but Mbappe doesn't even think about it.....Sirf is wajah se bande Mbappe pr chadd rhe hai...I really hope he improves his gameplay or the future is dark"
@Mahdiansari328,Flicki flacka 0:58 ğŸ˜…
@ayushgarg9253,Bro went crazy after that match ğŸ˜‚ğŸ˜‚ğŸ˜‚
@Bilal-tk1lh,Some people says: Mbappu is still offside.
@kangtheconqueror2540,Mbappe is finished
@purnendupalui9742,the right side is dead maybe playing fede as a rw  might be a solution
@Partha-aa,Flicki Flaka ğŸ¤£ 0:58
@dipakmukherjee4898,Dil pa lag gaya ğŸ¤¡ğŸ’¦
@mugiwara_mixi,I will only tell one thing.......mbappe and vini never work hard to win the ball back...u were literally playing 11 vs 9
@mdrumankhandhaka,bro are you ok
@qNightwing1,HANSI IS COOKING
@dhrubasaha9769,"In order to reverse jinx barca, yash actually jinxed madridğŸ˜‚ğŸ˜‚ğŸ˜‚.."
@ViPeRJk,ğŸ§¿ğŸ§¿ğŸ§¿
@kuo-kun7915,Bro has a phd in copiumdynamics
@Giyu68,We need more tactical analysis game like this..â¤
@Picasso-00,Tiki- TakaâŒFlicki-Flakaâœ…
@arindamkalita1912,Whole match rewatch kaha kare?
@apurvparashar,"Bro someone stop this Umar Akmal ki 69th copy... 
Babri Azam is crying he's not even in the team 
Btw 
Legends say Mbappe is still offside and Vini is still crying ğŸ˜­ğŸ˜­ğŸ˜­ğŸ˜­ğŸ˜­"
@fahadyasar2571,Flicki-Flacka ğŸ¤£
@rohitkrishna22,STOP IT YASH
@shravanmisal6411,ğŸ§¿ğŸ§¿ğŸ§¿ğŸ§¿ğŸ§¿ğŸ§¿ğŸ§¿ğŸ§¿ğŸ§¿ğŸ§¿ğŸ§¿ğŸ§¿ğŸ§¿ğŸ§¿ğŸ§¿ğŸ§¿ğŸ§¿ğŸ§¿ğŸ§¿ğŸ§¿ğŸ§¿ğŸ§¿
@iRonSide_610,604 ğŸ’€ğŸ’€
@dibyajneog,Not gonna lie..to me cubarsi look like yash
@theguy3888,Bro mbappe is overrated I've known this for atleast 2 years.
@PudaoKemprai-ik2hb,"Uno, dos, tres , quatro ğŸ‘‰ OffsidedridğŸ’€"
@IndramaniYadav-r2o,Yash ki tatti ruk nahi rahi haarne k baad. To wo baar baar video bana k tatti karega youtube pe
@biswanathdutta3115,Mbappe ko bulau avi v offside pe khara ha ğŸ˜‚
@subhamaymodak1318,flicki flakağŸ˜‚ğŸ˜‚ğŸ˜‚
@expertgaming4772,"Except madrid fans whole world will be laughing upon Vinicius having a ballon dor in his hands ğŸ˜‚ğŸ˜‚ğŸ˜‚, Worst ballon dor winner ğŸ†"
@omBHOYAR-s6q,Jinx jr
@SAYAN-7321,WE USED TO PRAY FOR DAYS LIKE THIS Visca Barca Visca CataluÃ±aâ¤ï¸ğŸ’™
@soumyaghosh5915,Stop crying like vini ğŸ˜‚
@AnishKumarIITM,"Bhai 2-3 videos aur chahiye barcelona ki greatness analysis ke liye 

(I'm a madrid fan)"
@SAYAN-7321,YJR DON'T JINX OUR FAVOURITE CLUB ğŸ˜¢
@Prajwal_sg1,"Mbaape ka bad performance ko ""jinx"" karke aacha bananeka ninja technique ğŸ˜‚ğŸ˜‚ğŸ˜‚ğŸ˜‚"
@RupinderSingh-gd3nh,Anti jinx ğŸ§¿ğŸª¬
@ITZSHAYARBUZZ,"Where i get the full match replay
?"
@aviral5124,flicky flaka ğŸ˜‚ğŸ˜‚
@salilnaik8249,No 12th No PartyğŸ’€
@aviral5124,Kab tak PTSD m rahega bhai â¤ğŸ˜‚
@vishal9904,bhai match kha dek sktha hai ?
@salilnaik8249,Money cannot buy you talent.. La Masia > Your rigged UCLs
@subhanilbhaduri4598,"Spell used : anti jinx. effectiveness of this spell depends on the person casting the jinx. For opponents with higher jinxing power, increasing the number of likes increases the overall effectiveness of the spell."
@QUIZ_TIME__,Bhaiii purana match kha se dekhe
@omsd8088,Flicki Flacka ğŸ’€ğŸğŸ¥¶
@riisworld,Anti jinx ğŸ§¿ğŸ§¿ğŸ§¿ğŸ§¿ğŸ§¿ğŸ§¿ğŸ§¿ğŸ§¿ğŸ§¿ğŸ§¿ğŸ§¿ğŸ§¿ğŸ§¿ğŸ§¿ğŸ§¿ğŸ§¿ğŸ§¿ğŸ§¿ğŸ§¿ğŸ§¿ğŸ§¿ğŸ§¿ğŸ§¿ğŸ§¿ğŸ§¿ğŸ§¿ğŸ§¿ğŸ§¿ğŸ§¿ğŸ§¿ğŸ§¿
@salilnaik8249,"Madrid players are still in our backyard, as they were caught offsideğŸ˜…"
@DeepakDhariwal-ei8qt,Ek ladka jisko messi ne phel diya ğŸ˜…ğŸ˜…ğŸ˜…
@admitthetruth,this is so satisfying...
@salilnaik8249,Calma Calma now jinxer ğŸ¤¡
@Joyy_ffs,anti jinx button ğŸ§¿ğŸª¬ğŸ•‰ï¸â˜¸ï¸â˜®ï¸â˜¯ï¸â˜ªï¸ğŸª¯âœï¸â˜¦ï¸âœ¡ï¸ğŸ”¯ğŸ•âš›ï¸
@r231_here,Where to watch full match highlights ?? Full 90 minutes video
@tysonnoruto,He underestimate german coach lol ğŸ˜…
@dopamineregulator3417,"Points r valid no doubt, but I think it's time to change the coach, it sounds a little bit controversial but u have to accept the reality they failed to adapt in modern football"
@salilnaik8249,Barca ko jinx kartey kartey iski jindagi jinx ho gayi haiğŸ˜…
@rohanthapa8013,"Bro is humiliating his own team and glorify barca more like barca are winning the league and the Champions league tomorrowğŸ˜‚
Chillout bhai itna toh Madrid ke player aor coach bhi soch nhi rahe hogaye jitna Yash bhai soch raha hai ğŸ˜…"
@lijandauka27,Rumours say that Mbappe is afraid to sleep thinking he would be in an offside position
@krishnendude6739,Antijinx ğŸ˜¢
@rushgamer9616,Candle bro where are you??
@Quillandpoet,Stop calling him panoti. He works hard to give these analysis. Enjoy his workğŸ˜Š
@tysonnoruto,He is in coma now let him cry ğŸ˜‚
@PraveenAgrawalpka946,Everyone talked about yamal cubarsi pedri but but but when frenkie and almo arrived the whole game changed.....
@soulshadow5769,"Barca fans let's goo , we'll win Champions league and la liga too 
VisÃ§a Barca Forever âœ¨âœ¨ğŸ’™â¤ï¸ğŸ’™â¤ï¸"
@Nitin07070,"Lamine Yamal posted ""On a mission"" on Instagram before Bayern game,
 After assisting vs. Bayern and scoring vs. Madrid, he posted ""Mission passed!""ğŸ¥¶"
@adityamaharshi2320,Milk this drama dryğŸ˜‚â¤
@vaibhav31,"â˜ªï¸ğŸ•‹ğŸ›•ğŸ•‰ï¸âœï¸â›ªğŸª¯ Avengers assemble.....save Barca from this ""beech ki maang"" looking jinxer"
@kshitijpandey6514,"Stop it Yash                   
                       ğŸ•¯
         ğŸ•¯                       ğŸ•¯
ğŸ•¯                                        ğŸ•¯       
               Anti jinx circle     
ğŸ•¯                                         ğŸ•¯

         ğŸ•¯                         ğŸ•¯
                         ğŸ•¯"
@SuYaSH_077,CONGRATULATIONS TO REAL MADRID FOR WINNING THE TREBLE!!!
@akshat_j3575,His hairstyle is killing me ğŸ˜­
@soulshadow5769,Mbappe needs Offside  Do'r tbh ğŸ˜‚
@soukarsamaity7814,if vini mbappe had converted the clear chances in 1st half we would praise madrid no doubt barca was great and clinical ancelotti tactically is not that good
@emotionaldamage1097,Real talkğŸ˜­
@vaibhav31,"Stop it Yash                   
                       ğŸ•¯
         ğŸ•¯                       ğŸ•¯
ğŸ•¯                                        ğŸ•¯       
               Anti jinx circle  
                   for barca  
ğŸ•¯                                         ğŸ•¯

         ğŸ•¯                         ğŸ•¯
                         ğŸ•¯"
@YugPatel10,6:41 Thats What i am Tired Explaining to All Those Bayern and Madrid Fans When We Lost 8-2
@subhajithalder8601,Bro replay kaise dakte hey
@sangramlad-3922,What would have happened if Carvajal had played this game ? Can you give an answer to this question Yash ?
@pclucifer5806,Bhai bss kar jaaa
@Basnet-u9n,à¤­à¤¾à¤‡ à¤–à¤¾à¤¨à¤¾ à¤–à¤¾à¤¨à¥‡ à¤®à¤¤ à¤›à¥‹à¤¡à¥ğŸ˜€
@Jashan.singhh_,"Nice video Yash, nakhun kaatle bus."
@mashrurlam4814,"ğŸ§¿ğŸ§¿ğŸ§¿ğŸ§¿ğŸ§¿ğŸ§¿ğŸ§¿ğŸ§¿ğŸ§¿ğŸ§¿ğŸ§¿ğŸ§¿ğŸ§¿ğŸ§¿ğŸ§¿ğŸ§¿ğŸ§¿ğŸ§¿ğŸ§¿ğŸ§¿ğŸ§¿ğŸ§¿ğŸ§¿ğŸ§¿ğŸ§¿ğŸ§¿ğŸ§¿ğŸ§¿ğŸ§¿ğŸ§¿ğŸ§¿ğŸ§¿ğŸ§¿ğŸ§¿ğŸ§¿ğŸ§¿ğŸ§¿ğŸ§¿ğŸ§¿ğŸ§¿ğŸ§¿ğŸ§¿ğŸ§¿ğŸ§¿ğŸ§¿ğŸ§¿ğŸ§¿ğŸ§¿
Save yourself from the jinx"
@pratiksedhain4290,Did you watch Nepal vs India in women saff championship yesterday ? game lasted for more than 170 mins
@fcb2463,"It's not just mbappes fault... getting caught offside....
The midfielders also has to take blame...mbappe is a fast player...so
The passes have to be well timed"
@PantheraGoat,"People say that Mbappe missed a lot of chances but looking at the stats mbappe just had 1 chance that is one shot in first half , Hansi Flick and that 17 yr old Defender fooled every Madrid fan into believing that they had a chance to win.
MADRID never really had any good chances coz 99% of them were offsides , 15 UCLS played how A GERMAN from  1940s wanted them to play.

Thanks MR Johan cruyff for LA MASIA."
@khemanshuthakur7207,"Lewandowski is barcelona side, vinicius is real madrid side.....Mbappe is offsideğŸ˜‚ğŸ˜‚"
@omsd8088,6-0-4 ğŸ˜‚ğŸ˜‚ğŸ˜‚
@ayushsinghbhardwaj6858,Anti jinx button ğŸ‘
@vaibhav31,"ğŸ•¯
         ğŸ•¯                       ğŸ•¯
ğŸ•¯                                        ğŸ•¯       
               Anti jinx circle   
                  for BARCA 
ğŸ•¯                                         ğŸ•¯

         ğŸ•¯                         ğŸ•¯
                         ğŸ•¯
Bas kr bhai or bhi teams h europe m ......manchester united kl phir haari, kl liverpool vs arsnel bhi tha unko bhi jinx kr"
@nyden9790,"Replace inaki pena with ter stegen and scoreline would be different, the way pena stopped the shots and communicated with backline it made their offside more effective."
@PantheraGoat,"Belive it or not , Kompany did a better job than Don carlo."
@9es726,"Stop it Yash                   
                       ğŸ•¯
         ğŸ•¯                       ğŸ•¯
ğŸ•¯                                        ğŸ•¯       
               Anti jinx circle     
ğŸ•¯                                         ğŸ•¯

         ğŸ•¯                         ğŸ•¯
                         ğŸ•¯"
@dshun5573,Hogaya Bhai thikhe kitna jinx karoge
@captainsparrow5217,Anti jinx Barcelona button
@shihabffyt7269,"Firse chaat ne agaya

Match ke pehli din, bola tha na balak 
Kya karega,,le vai nanga kardiyağŸ˜‚"
@mojokicks09,"How is Madrid's off the ball movement so shit after so many seasons with Ancelotti is beyond me. Clueless pressing, midfield not compact, most basics of defending in modern football and Ancelotti can't do it. Same mistakes , same errors , Flick schooled Ancelotti. 
Madrid lost true , but not because of the quality of our players we lost because we were tactically and technically inferior. And that blame directly goes to ANCELOTTI"
@nyden9790,"There were not 4 in the barca backline, there was 1 backline."
@soumavoroy8147,Ek match pe do video???? Bhadwe jinxing ko dusra level pe le jana hai kya!!
@priyanshukumarbaith58,Bhai match kha dekha bta do mujhe bhi dekhna  visca Barca â¤
@Adityaxtx,Anti-Jinx Button ğŸ™ğŸ¼ğŸ™ğŸ¼ğŸ§¿ğŸ§¿ğŸ§¿ğŸ§¿
@soulmax7,ğŸ˜‚
@lijandauka27,Bro literally tried different tactics to jinx BarÃ§a but Flick's aura countered it
@kingwithoutanyfeaf8817,0:58 flicki flacka ğŸ˜‚ğŸ˜‚
@kami_rayz,It's over for barca ğŸ˜¢
@shafiulshovon945,Wah yj bc
@tarungupta3756,ğŸ§¿ğŸ§¿ğŸ§¿ğŸ§¿ğŸ§¿ Anti jinx button âœ…
@sandeshacharya6258,"IF barca also won the next el classio with this dominance . then i would be the barca fan, dont you think don carlo will think something after this humilation."
@sayantanghosh5896,"One match 2 videoğŸ˜‚ğŸ˜‚
I like itğŸ‰"
@PantheraGoat,"People say that Mbappe missed a lot of chances but looking at the stats mbappe just had 1 chance that is one shot in first half , Hansi Flick and that 17 yr old Defender fooled every Madrid fan into believing that they had a chance to win.
MADRID never really had any good chances coz 99% of them were offsides , 15 UCLS played how A GERMAN from  1940s wanted them to play.

Thanks MR Johan cruyff for LA MASIA."
@PantheraGoat,"People say that Mbappe missed a lot of chances but looking at the stats mbappe just had 1 chance that is one shot in first half , Hansi Flick and that 17 yr old Defender fooled every Madrid fan into believing that they had a chance to win.
MADRID never really had any good chances coz 99% of them were offsides , 15 UCLS played how A GERMAN from  1940s wanted them to play.

Thanks MR Johan cruyff for LA MASIA."
@abhishekmoondra7126,Got new word under 1 min : flicky faka
@nitinpatel1039,"Mbappe is not striker, this is where top stitker comes to party, Haaland has just 7 offside since he join city compared to mbappe 8 in one game, benzema never  caught into offside trap, due to striker instinct,Madrid shpuld get oshimen in winter if they are not confident about endrick starting for them"
@AkarshAnand-pi1do,Bc kitna yap krta hai....chup chaap baith.... Comeback hoga tb banaiyo video yrrrğŸ¥²
@YugPatel10,6-0 was Perfect Score
@saphal4109,react to Nepal vs india women saff championship
@michael_kaiser-b10m,jinx kadne ka tarika thoda offside heinğŸ¤“ğŸ¤“
@shubhsrivatava777,Antijinx button âœ…
@Krissi47,Bhay ko hazam nahi ho ra ğŸ˜­ğŸ˜­
@pratyay9532,ANTI JINX Button ğŸ§¿ğŸ§¿ğŸ§¿ğŸ§¿ğŸ§¿ğŸ§¿ğŸ§¿ğŸ§¿ğŸ§¿ğŸ§¿ğŸ§¿ğŸ§¿ğŸ§¿ğŸ§¿ğŸ§¿ğŸ§¿ğŸ§¿ğŸ§¿ğŸ§¿ğŸ§¿ğŸ§¿ğŸ§¿ğŸ§¿ğŸ§¿ğŸ§¿ğŸ§¿ğŸ§¿ğŸ§¿ğŸ§¿ğŸ§¿ğŸ§¿ğŸ§¿ğŸ§¿ğŸ§¿ğŸ§¿ğŸ§¿ğŸ§¿ğŸ§¿ğŸ§¿ğŸ§¿ğŸ§¿ğŸ§¿ğŸ§¿ğŸ§¿ğŸ§¿ğŸ§¿ğŸ§¿ğŸ§¿ğŸ§¿ğŸ§¿ğŸ§¿ğŸ§¿ğŸ§¿ğŸ§¿ğŸ§¿ğŸ§¿ğŸ§¿ğŸ§¿ğŸ§¿ğŸ§¿ğŸ§¿ğŸ§¿ğŸ§¿ğŸ§¿ğŸ§¿ğŸ§¿ğŸ§¿ğŸ§¿ğŸ§¿ğŸ§¿ğŸ§¿ğŸ§¿ğŸ§¿ğŸ§¿ğŸ§¿ğŸ§¿
@laminyamal19,Cubarsi is as talented as yamalâ¤
@Unfilertinsaan007,PEL DIYA ğŸ˜‚ğŸ˜‚
@cashinvlogs7864,Bachu aache se bola kar thook nikal ke
@nayearalif4636,Bro jinxed his own team unknowingly
@Hasta3.14,Plz make one video Nepal vs India Saff women's championship 2024.
@Moye_Moye_shorts,It's Monday and mbappe is still offside with yash ğŸ˜¢ğŸ˜¢
@CharlesDebronxOliveira,Wo vini on madrid  yamal on barca aur mbappe on  offside comment wale aate hi honge ğŸ˜‚
@armanulhaq1715,Flicky Flaka ğŸ—£
@bkartik10,This video has came and Mbappe is still offside they saying ğŸ¢
@TFxMiKeY,Anti JInx ButtonğŸ—¿ğŸ—¿
@krishjourneysvlogs3064,Tiki Taka âŒ Flicki Flacka âœ…
@Akshansh_Niranjan,"Haaland : 15 offsides in entire Premier League career.ğŸ¤ğŸ¼
Mbappe : 8 offsides in one game.ğŸ’€"
@lakshmanmardi9667,Abhi adha season bhi par nhi hua hai...lets see ye rhythm kaha tak jata hai
@TrishantGelera,chup ho ja dalle
@Zylth69420,Mbappe goat ( greatest offsider of all time)
@deadone_69,"He failed to jinx a club, so now he's trying to jinx a manager's tactics ğŸ™‚visca el barcaâ™¥ğŸ’™"
@tanvirahmed9091,"Where to watch full matches replay?
Can someone Tell ?"
@zaynoman6298,Flicki flacka ğŸ˜‚
@raghusharma5656,Fliki - filaka
@njkkop,Yash bhai madrid harne ka main reason tumhara jinx power hee justice for Ancelotti ğŸ˜¢ğŸ˜¢
@swarnavo9554,Bas karde bhai kitna jinx karega ğŸ™ğŸ»ğŸ™ğŸ»
@arif8190,Bro watched the game twice and saw Mbappe is still offside ğŸ˜­
@aravxd5119,Kitna milk karega barca ki chaat chaat ke
@arish6538,"Asambhav , ek match ki dusri video ğŸ˜±, match kar jinx ğŸ˜”ğŸ˜”ğŸ˜”ğŸ˜”ğŸ˜”ğŸ˜”"
@rupak.10,Bro is using all of his power ğŸ˜‚
@krishjourneysvlogs3064,Once Yjr Said That Mbappe Ne Khudka Naam Bananese Pehle Khudka Meme Banva Liya ğŸ˜­
@Zylth69420,Madrid defend ğŸƒ
@luckyhandsome1526,Shant ho jha bsk. Btw barcağŸ§¿ğŸ§¿ğŸ§¿
@TheReallyOfficialAwe,bkl panauti lagata hai aur fir palat ta hai ;-; (barca fan btw)
@LuckySingh-jd5hz,Kick bsdka Carlo out of our f cking club ğŸ¤¬
@arp14,Sources saying he's still offside .
@jakizizz,My favourite 5â€™3 nirlajh gay YouTuber with pink panties is back â¤
@IgaSwiatekFan-ox9rn,Offside âŒ Mbappe âœ…
@user-pk1sg1ek4s,"Or roooo Bhai
Or b rotaa reh ğŸ˜‚ğŸ˜‚ğŸ˜‚ğŸ˜‚"
@krrishasijaa2390,"Lamine was on barca side
Vini was on madrid side
Mbappe was offside"
@Skyontheyyy,"Bro really fell off ğŸ˜”, even the REVERSE JINX from the last video didnâ€™t work this time"
@Anandsingh35072,ğŸ˜‚ğŸ˜‚
@deactivated.things,Muthmar Jr. is so happy now
@areyoudumbonpurpose1822,"""How Barcelona destroyed Real Madrid""âŒ
""How Yash jinxed Real Madrid?""âœ…"
@psychoff3129,Guddi Tod denge bhai aage bhi
@Rohit.D.999,Abe Kitna royega bs kr ğŸ˜…ğŸ˜‚ğŸ˜‚ğŸ˜‚
@Nav0709,Koi na bro mbappe comeback krega
@armaantandon5712,School boys schooled Yash ğŸ¦¦ğŸ¤£
@TusharJadhav-no7yj,Dekho vo aagya
@thesoccersquad10,Abi bhi dard bhara nai bhai ka..
@cotrickff1673,Kylian membppe
@binanda_engti_kathar,I was waiting for this type of video in your channel for a very long time
@greenarrow9807,THE GALACTICOS 3.0ğŸ˜‚ğŸ¤¡
@Zylth69420,We got wrong mbappe we need his brother
@prithviraj1317,Visca el barca
@YuvrajSinghup55,Are bhaiya firse ğŸ˜‚ Bus soch hi Raha tha aap video upload karoge abhiğŸ”¥
@arpanpaul9847,Tactical Review after so long Yash bhaiâ¤
@VaibhavTiwari-nv9pp,0 views in 16 secs..bro fell off..
@shubhampathak1399,Bro is still in traumağŸ˜­ğŸ˜­
@SyedRayyan-se5nq,Manhoosiyat mat lga mere bhai ğŸ˜­ğŸ˜­
@Rcgj1990,"Bhaine doosri video banayi. Shit is serious.
Bro's trying best to jinx.
Hae bhagwan bachanağŸ™"
@tejasrathod7233,Lmao flicki flacka
@lyricsnepal1064,First
@NurkCuler,Tactically That Game Was Real vs Bayern
@Gordonfreeman7722,Believe it or not HE'S STILL OFFSIDE!!!
@sahilpoudel9296,ğŸ¥²ğŸ¥²ğŸ¥²
@soumyakantisinhaxl3074,"""Madrid will thrash Barca"" ğŸ˜‚"
@ShaziaAltaf-n5z,Puta Madrid
@Sohel1156,"Again video ğŸ˜‚ğŸ˜‚
0 like plz"
@anshumanmorey5448,Panauti......
@creativeyt7273,Pani kha le vaaiğŸ¥²
@uttkarshmishra4337,ğŸ«¡
@dead23847,Still crying? Bro stop trying to jinx
@user-oo5nz3th5q,Okay
@MdNorullah-we8un,ğŸ˜‚ğŸ˜‚ğŸ˜‚
@tsdamon6242,To phir agya?
@sohandam3234,ğŸ˜‚ğŸ˜‚
@hasanjoyaer175,1st
@harmanpreetsinghjagdeva8039,â¤
